Sr. No.,Ref.,Ref.,Group,ENQUIRY DATE,Status,ENQUIRY DETAILS,PARTY NAME & ADDRESS,PARTY CONTACT DETAILS,QTN STATUS,QUOTATION NO,QUOTATION DATE,QUOTATION AMT,Imp,FOLLOW-UP STATUS
1,,MJ,Dosing Trading,31-Mar-26,Converted,Dosing Pump Spare,Raymond Consumer Care Ltd,,Sent,UWS/26-27/001,2-Apr-26,"17,000",,
2,,MJ,Dosing Trading,21-Apr-26,Closed,Dosing Pump Spare,Kshitij Enterprises,,Sent,UWS/26-27/002,21-Apr-26,"9,600",,
3,,MJ,Dosing Trading,4-Mar-26,Converted,Sandur Dosing Pump Spare,DLECTA Foods Pvt Ltd,,Sent,UWSEPL/26-27/002,7-Apr-26,"1,13,650",,
4,,VG,Sandur,6-Apr-26,Closed,Sandur Dosing Pump,Vaishnavi Engineering,,Sent,UWS/26-27/003 R1,7-Apr-26,"82,930",,
5,,MJ,Dosing Trading,6-Apr-26,Converted,AFE CARD-- Price difference in Pump PO due to scope revesion ( INOVOLT _ ZLD),Aquatech Systems Asia Pvt Ltd,,Sent,UETPL/26-27/004,7-Apr-26,"17,600",,
6,,TK,Dosing Trading,6-Apr-26,Converted,Lowara make Booster Pump (BILT Bhigwan),Solenis Chemicals India Pvt Ltd,,Sent,UETPL/26-27/005,7-Apr-26,"48,500",,
7,,RRW,Dosing Trading,3-Apr-26,Closed,Splitter with static mixer arrangement (ITC Bhadrachalam),Solenis Chemicals India Pvt Ltd,,Sent,UWS/26-27/006,7-Apr-26,"44,100",,
8,,VG,Sandur,6-Apr-26,Converted,Sandur Dosing Pump,(BHORE)--AQUATECH SYSTEMS,,Sent,UWS/26-27/007,7-Apr-26,"63,200",,
9,,RRW,Dosing System,7-Apr-26,Open,250 LPH Catiofast & 3000LPH Telioform Dosing System (Shah Paper),Solenis Chemicals India Pvt Ltd,,Sent,UWS/25-26/008,7-Apr-26,"11,96,500",,
10,,RRW,Dosing Trading,7-Apr-26,Open,Cable & Gland (ITC Bhadrachalam),Solenis Chemicals India Pvt Ltd,,Sent,UETPL/26-27/009,7-Apr-26,"72,300",,
11,IM,VG,Sandur,8-Apr-26,Closed,Sandur Dosing Pump,Atharv water solution,,Sent,UWS/26-27/010,7-Apr-26,"30,800",,
12,,RRW,Dosing System,7-Apr-26,Closed,ClO2 Generator upto 3 Kg/hr,Nnoweta performance Chemicals Pvt Ltd,,Sent,UWS/26-27/011,7-Apr-26,"1,45,000",,
13,,MJ,Dosing Trading,7-Apr-26,Closed,Black HDPE Tank,Qualicom Industries Pvt Ltd,,Sent,UETPL/26-27/012,7-Apr-26,"3,49,000",,
14,,MJ,Dosing Trading,6-Apr-26,Converted,Back Pressure Valve,Aquatech Systems Asia Pvt Ltd,,Sent,UETPL/26-27/013,9-Apr-26,"32,150",,
15,,VG,Dosing System,1-Apr-26,Budgetory,Swapnil Bhajikhaye__Q-PBEN-26-27-0XX,Praj Industries Ltd,,Sent, UETPL/26-27/015 R2,16-Apr-26,"63,23,500",,
16,,MJ,Dosing Trading,9-Apr-26,Open,Dosing Pump Spare,Praj Industries Ltd,,Sent,UETPL/26-27/016,9-Apr-26,"31,750",*,
17,,MJ,Dosing Trading,9-Apr-26,Closed,ABB VFD (NR),Solenis Chemicals India Pvt Ltd,,Sent,UETPL/26-27/017,9-Apr-26,"34,850",,
18,IM,VG,Dosing Trading,10-Apr-26,Closed,Calibration Cylinder,Precise Process Solutions,,Sent,UWS/26-27/018 R1,17-Apr-26,"38,750",,
19,IM,VG,Sandur,11-Apr-26,Closed,Sandur Dosing Pump,Crystal Engineering Private Limited,,Sent,UWS/IM/26-27/020,13-Apr-26,"44,350",,
20,,TK,Agitator System,11-Apr-26,Converted,Agitator & Flocculator System,Envicare Technologies Pvt Ltd,,Sent,UWS/26-27/021,13-Apr-26,"59,100",,
21,Sandur,VG,Sandur,13-Apr-26,Converted,Sandur Dosing Pump,NGCT Cleansys Pvt. Ltd,,Sent, UWS/26-27/022,13-Apr-26,"36,960",,
22,TM,VG,Sandur,13-Apr-26,Closed,Sandur Dosing Pump,Infosavant Technologies Ltd,,Sent,UWS/26-27/23,13-Apr-26,"45,300",,
23,,RRW,Dosing Trading,13-Apr-26,Converted,Roto Pump Spare -- NR5,Solenis Chemicals India Pvt Ltd,,Sent,UWS/26-27/24,14-Apr-26,"28,800",,
24,,MJ,Dosing Trading,13-Apr-26,Converted,ABB make Motor (Emami Balasore), Solenis Chemicals India Pvt Ltd,,Sent, UWS/26-27/025 R1,25-Apr-26,"12,950",,
25,,MJ,Dosing Trading,7-Apr-26,Converted, White UPVC Piping & Fitting (Deevyashakti Paper), Solenis Chemicals India Pvt Ltd,,Sent, UETPL/26-27/026,14-Apr-26,"38,930",,
26,,RRW,Dosing Trading,14-Apr-26,Open,Quotation for 1000 LPH Rotameter (NR5), Solenis Chemicals India Pvt Ltd,,Sent, UETPL/26-27/027 R1,15-Apr-26,"24,800",*,
27,,VG,Dosing Trading,14-Apr-26,Open, Canopy for Sandur Make Dosing Pum, AManzi TeCh Envi Sol,,Sent, UWS/26-27/028,15-Apr-26,"50,040",*,They will reply Within 1 to 2 weeks
28,,RRW,Dosing Trading,15-Apr-26,Open,E&H Electromagnetic Flow meters (Gypmart),Sandur Fluid Controls Pvt Ltd,,Sent,UWS/26-27/029,15-Apr-26,"6,55,000",*,
29,,RRW,Dosing Trading,15-Apr-26,Open,PLC Panel for MCA (Sripathi Paper),Solenis Chemicals India Pvt Ltd,,Sent,UWS/26-27/030,15-Apr-26,"4,94,000",,
30,,RRW,Dosing Trading,15-Apr-26,Converted,Electrical Spares (BGPPL Ballarpur),Solenis Chemicals India Pvt Ltd,,Sent,UWS/26-27/031,15-Apr-26,"14,010",-,po pending
31,,MJ,Agitator System,16-Apr-26,Open,Agitator System,Sandur Fluid Controls Pvt Ltd,,Sent,UWS/26-27/032,16-Apr-26,"66,100",,Budgetory
32,,MJ,Dosing System,17-Apr-26,Closed,Dosing Pump Skid (A-26006),Praj Industries Ltd,,Sent,UWS/26-27/033 R1,17-Apr-26,"1,71,750",,
33,,TK,Dosing System,17-Apr-26,Closed,Dosing Pump Skid (N-26019) Big Gold,Praj Industries Ltd,,Sent,UWS/26-27/034,17-Apr-26,"4,80,500",,
34,,TK,Dosing System,17-Apr-26,Closed,Dosing Pump Skid (D-26005) GeoChem,Praj Industries Ltd,,Sent,UWS/26-27/035,18-Apr-26,"2,17,300",,
35,,RRW,Sandur,18-Apr-26,Open,Sandur Dosing Pump,Ishtaa Automation & Robotics Pvt Ltd,,Sent,UWS/26-27/035,18-Apr-26,"28,000",*,next month 
36,,MJ,Dosing Trading,20-Apr-26,Closed,Edose Pump & Agitator,Aquatech Systems Asia Pvt Ltd,,Sent,UWS/26-27/036,20-Apr-26,"83,500",,
37,,RRW,Dosing System,20-Apr-26,Open,Powder Polymer Preparation System 1.5 m3/hr (Silverton Paper),Solenis Chemicals India Pvt Ltd,,Sent,UWS/26-27/037 R1,23-Apr-26,"13,50,000",*,
38,,VG,Sandur,22-Apr-26,Closed,Dosing pump,Amrutha Shetty,,Sent,UWS/26-27/038 R1,6-May-26,"26,690",,
39,,RRW,Dosing System,22-Apr-26,Converted,"Lime Preparation, Nutrient & Hypo Dosing Systems",Vintage Flow Hydrosystems,,Sent,UWS/26-27/039,22-Apr-26,"2,25,000",,
40,,MJ,Agitator System,16-Apr-26,Closed,Agitator System JSW Tarapur,Aquatech Systems Asia Pvt Ltd,,Sent,UWS/26-27/040,28-Apr-26,"27,09,070",,
41,,TK,Dosing System,23-Apr-26,Open,Dosing system (N-25020)_AB sugar,Praj Industries Ltd,,Sent,UWS/26-27/041 R3,27-Jul-26,"17,55,550",**,
42,,TK,Sandur,25-May-26,Closed,SANDUR DOSING PUMP AND TUBE,GreEnviro Environmental Systems Pvt. Ltd.,,Sent,UWS/26-27/042,25-Apr-26,"57,640",,
43,,RRW,Dosing Trading,25-May-26,Converted,Prominent BTX Smart Pump,Supra Sciences Pvt Ltd,,Sent,UWS/26-27/043 R1,28-Apr-26,"1,32,000",,
44,,TK,Sandur,25-Apr-26,Closed,Sandur Dosing pump B04026 PP,CHEMION ENGINEERING,9545501049,Sent,UWS/26-27/044 R1,27-Apr-26,"44,500",,
45,,RRW,Dosing Trading,25-Apr-26,Open,NETZCSH Pump Spares (Biltube),Solenis Chemicals India Pvt Ltd,,Sent,UWS/26-27/045,25-Apr-26,"60,440",,
46,,RRW,Dosing Trading,25-Apr-26,Converted,Electrical Spares (Andhra Paper),Solenis Chemicals India Pvt Ltd,,Sent,UWS/26-27/046 R3,25-Jun-26,"43,858",,
47,,TK,Dosing Trading,20-Apr-26,Closed,ABB VFD (JK Rayagda),Solenis Chemicals India Pvt Ltd,,Sent,UWS/26-27/047,27-Apr-26,"30,900",,
48,,TK,Dosing Trading,27-Apr-26,Open,ABB VFD (Sripathi Sivakasi),Solenis Chemicals India Pvt Ltd,,Sent,UWS/26-27/048,27-Apr-26,"37,900",*,
49,,TK,Dosing Trading,24-Apr-26,Closed,Screw Feeder,BK ENGINEERING COMPANY,,Sent,UWS/26-27/049,27-Apr-26,"8,46,600",,
50,,RRW,Dosing Trading,28-Apr-26,Open,3000 LPH DOsing SKid Refurbishment,Solenis Chemicals India Pvt Ltd,,Sent,UWS/26-27/050,28-Apr-26,"4,58,000",*,
51,,TK,Dosing System,27-Apr-26,Open,Dosing system (D-26006)_Caustic Dosing,Praj Industries Ltd,,Sent,UWS/26-27/051,28-Apr-26,"3,29,900",*,
52,,VG,Dosing System,27-Apr-26,Budgetory,Swapnil Bhajikhaye__Q-PBEN-26-27-058,Praj Industries Ltd,,Sent,UWS/26-27/052_R4,22-Jul-26,"67,04,550",,
53,,TK,Dosing Trading,26-Apr-26,Converted,Cartridge Filter & Housing,Wex Technologies Pvt Ltd,,Sent,UWS/26-27/053,29-Apr-26,"27,300",,
54,,VG,Dosing Trading,30-Apr-26,Closed,LDPE tank,Shree Engineering,,Sent,UWS/26-27/054,30-Apr-26,"15,000",,
55,,TK,Sandur,1-May-26,Converted,Sandur Dosing Pump,SAAN Engineers Pvt Ltd,,Sent,UWS/26-27/006,2-May-26,"61,750",,Ultimate
56,,TK,Dosing Trading,4-May-26,Converted,Dosing pump _ UC-11,SS CHEMICAL,,Sent,UWS/26-27/056_R1,4-May-26,"24,000",,
57,,TK,Dosing Trading,4-May-26,Converted,2'' VITROLIC COUPLING with CLEAR SPACER,Kukdo Chemical India Private Limited,,Sent,UWS/26-27/057,4-May-26,"21,800",,
58,,VG,Dosing Trading,5-May-26,Converted,HDPE Nozzle Replacement _ Deepak Fertiliser,Praj Industries Ltd,,Sent,UWS/26-27/058,5-May-26,"47,400",,
59,,RRW,Dosing Trading,5-May-26,Converted,NETZSCH Spare---Mechanical seal,Solenis Chemicals India Pvt Ltd,Andhra Paper,Sent,UWS/26-27/059,5-May-26,"32,900",,
60,,TK,Sandur,6-May-26,Open,Dosing pump And Accessories,TOPSE Process Solutions Pvt. Ltd,9689646083,Sent,UWS/26-27/060,6-May-26,"5,33,100",**,Month end 
61,,VG,Sandur,7-May-26,Converted,Dosing Pump,Vijay Pawar,#NAME?,Sent,UWS/26-27/061,7-May-26,"19,840",,
62,,MJ,Dosing System,29-Apr-26,Closed,Dosing System -- Tata Tinplate,Praj Industries Ltd,,Sent,UWS/26-27/062 R2,21-May-26,"93,82,095",,
63,,MJ,Dosing System,29-Apr-26,Closed,Antifoam Dosing System -- Tata Tinplate,Praj Industries Ltd,,Sent,UWS/26-27/063 R2,21-May-26,"1,96,400",,
64,,MJ,Sandur,29-Apr-26,Closed,Doising Pump -- AMP Division,Aquatech Systems Asia Pvt Ltd,,Sent,UWS/26-27/064,7-May-26,"3,44,230",,
65,,MJ,Agitator System,7-May-26,Closed,Agitator System,Nnoweta performance Chemicals Pvt Ltd,,Sent,UWS/26-27/065 R1,7-May-26,"33,500",,
66,,TK,Dosing Trading,7-May-26,Converted,"Solenoid Valve, diaphragm type ",Praj Industries Ltd,,Sent,UWS/26-27/066,7-May-26,"42,700",,
67,,RRW,Dosing System,5-May-26,Converted,"Yankee Coating, release Modifier DS-- Kamakshi Paper",Solenis Chemicals India Pvt Ltd,,Sent,UWS/26-27/067 R3,15-May-26,"17,05,000",,
68,,RRW,Dosing System,5-May-26,Converted,150 LPH WSR & 130 LPH DSR Meta Dosing System-- Kamakshi Paper,Solenis Chemicals India Pvt Ltd,,Sent,UWS/26-27/068 R2,15-May-26,"6,80,000",,
69,,RRW,Dosing System,5-May-26,Converted,Dosing Pump Skids -- Kamakshi Paper,Solenis Chemicals India Pvt Ltd,,Sent,UWS/26-27/069 R2,15-May-26,"24,10,200",,
70,,MJ,Agitator System,8-May-26,Converted,Agitator System for 3000 Ltr Tank,Envicare Technologies Pvt Ltd,,Sent,UWS/26-27/070 R1,8-May-26,"50,000",,
71,,MJ,Dosing System,8-May-26,Converted,Econopack 200T,Butane Polymer,,Sent,UWS/26-27/071 R2,16-May-26,"4,75,000",,
72,,RRW,Dosing Trading,9-May-26,Converted,Prominent Backpressure Valve -- Kauntum Paper,Solenis Chemicals India Pvt Ltd,,Sent,UWS/26-27/072,8-May-26,"6,500",,
73,,RRW,Agitator System,29-Apr-26,Open,Agitator system for 0.85 X 0.85 X 2 m tank,Sandur Fluid Controls Pvt Ltd,,Sent,UWS/26-27/073,9-May-26,"49,800",*,
74,,RRW,Dosing System,9-May-26,Converted,ClO2 Generator upto 3 Kg/hr,Sandur Fluid Controls Pvt Ltd,,Sent,UWS/26-27/074 R2,15-May-26,"8,36,000",,
75,,RRW,Sandur,11-May-26,Open,100 LPH Sandur dosing Pumps,TRIDENT LABORTEK,,Sent,UWS/26-27/075 R2,9-Jul-26,"1,69,500",**,
76,,RRW,Dosing Trading,11-May-26,Open,Krohne Flow meter 40NB --- West Rock,Solenis Chemicals India Pvt Ltd,,Sent,UWS/26-27/076,11-May-26,"98,000",*,
77,,MJ,Dosing System,29-Apr-26,Open,NAOH Dosing System,CECO Environmental Solution (I) Pvt Ltd,,Sent,UWS/26-27/077,11-May-26,"18,96,700",*,
78,,MJ,Dosing Trading,12-May-26,Converted,Dosing Pump SPare - UC-11,Wex Technologies Pvt Ltd,,Sent,UWS/26-27/078,12-May-26,"20,300",,
79,,TK,Dosing System,12-May-26,Closed,H2O2 dosing system ,SEKO Dosing India Pvt Ltd,,Sent,UWS/26-27/079,12-May-26,"3,00,800",,
80,,TK,Sandur,14-May-26,Closed,Sandur dosing pump,S P A Project Engineers Pvt. Ltd.,7887889221,Sent,UWS/26-27/080 R1,15-May-26,"45,12,500",,9900000
81,,TK,Sandur,15-May-26,Converted,Sandur dosing pump,Dlecta Foods Pvt. Ltd.,9867787243,Sent,UWS/26-27/081,15-May-26,"43,610",,
82,,MJ,Agitator System,14-May-26,Closed,Agitator System,Century Paper,,Sent,UWS/26-27/082 R1,18-May-26,"43,500",,
83,,RRW,Dosing Trading,18-May-26,Converted,Grundfos water pump 3000 LPH CM3-5 --Sripathi Paper,Sripathi Paper,,Sent,UWS/26-27/083,18-May-26,"31,900",,
84,,TK,Dosing System,18-May-26,Open,Dosing system for STP---Sharayu mam,Aquatech Systems Asia Pvt Ltd,,Sent,UWS/26-27/084,19-May-26,"30,31,550",*,
85,,TK,Sandur,18-May-26,Converted,Sandur dosing pump,TECHNO MAC SYSTEMS,,Sent,UWS/26-27/085,18-May-26,"16,200",,
86,,RRW,Dosing Trading,18-May-26,Open,Prominent Smart Pump BTX -- Jani Sales,Solenis Chemicals India Pvt Ltd,,Sent,UWS/26-27/086,18-May-26,"2,40,000",*,
87,,MJ,Dosing Trading,20-May-26,Converted,Operational spare -- Deepak Fertiliser,Praj Industries Ltd,,Sent,UWS/26-27/087 R2,27-May-26,"6,55,750",,
88,,RRW,Dosing Trading,20-May-26,Converted,Bonfiglioli AS25 Gear Box,Solenis Chemicals India Pvt Ltd,,Sent,UWS/26-27/088,20-May-26,"14,100",-,
89,,TK,Dosing Trading,19-May-26,Open,spare parts of dosing pump,Wex Technologies Pvt Ltd,,Sent,UWS/26-27/089,20-May-26,"26,550",*,
90,,MJ,Sandur,21-May-26,Open,CC3 0803 PP,FIAT ,,Sent,UWS/26-27/090,21-May-26,"15,200",**,He will update within 1-2 weeks
91,,MJ,Dosing Trading,18-May-26,Open,Burks Pump -- Sripathi Paper,Solenis Chemicals India Pvt Ltd,,Sent,UWS/26-27/091,21-May-26,"5,88,000",*,
92,,MJ,Dosing Trading,18-May-26,Open,ABB VFD -- Sripathi Paper,Solenis Chemicals India Pvt Ltd,,Sent,UWS/26-27/092,21-May-26,"53,200",,
93,,MJ,Dosing Trading,22-May-26,Open,Dosing Pump repairing,Wex Technologies Pvt Ltd,,Sent,UWS/26-27/093,22-May-26,"21,785",*,
94,,RRW,Dosing System,22-May-26,Open,3000 LPH Polymer Preparation & 2000 LPH DS,"Gauri Chemicals, Kanpur",,Sent,UWS/26-27/094 R2,23-Jun-26,"12,25,000",*,
95,,RRW,Dosing Trading,14-May-26,Open,Grundfos DDA Pumps,Solenis Chemicals India Pvt Ltd,,Sent,UWS/26-27/095,23-May-26,"5,11,600",*,
96,,MJ,Sandur,25-May-26,Converted,CC3 1201 P,Technova Imaging Systems (P) Ltd,,Sent,UWSEPL/26-27/007,25-May-26,"14,130",,
97,,TK,Dosing System,21-May-26,Closed,N-25018_ United Phosphorus dosing system,Praj Industries Ltd,,Sent,UWS/26-27/096,26-May-26,"27,72,490",,
98,,TK,Dosing Trading,26-May-26,Open,OMRON SMPS (ITC BCM),Solenis Chemicals India Pvt Ltd,,Sent,UWS/26-27/097,26-May-26,"5,200",*,
99,,MJ,Dosing System,22-May-26,Open,Automatic Polymer Preparation & Dosing System,Sandur Fluid Controls Pvt Ltd,,Sent,UWS/26-27/098,27-May-26,"14,42,200",*,
100,,MJ,Sandur,27-May-26,Closed,Sandur Dosing Pump,Thermax Ltd,,Sent,UWS/26-27/099,27-May-26,"1,18,420",,
101,,RRW,Dosing Trading,28-May-26,Converted,NETZSCH Pump Mechanical Seal--- NR5,Solenis Chemicals India Pvt Ltd,,Sent,UWS/26-27/100 R1,3-Jun-26,"41,280",,
102,,MJ,Dosing System,28-May-26,Open,Dosing System for Boiler,Flowchar India Pvt Ltd,,Sent,UWS/26-27/101,28-May-26,"3,31,300",*,
103,,MJ,Dosing Trading,28-May-26,Converted,Nozzle Replacement -- Deepak Fertiliser,Praj Industries Ltd,,Sent,UWS/26-27/102,29-May-26,"33,900",,
104,,RRW,Dosing Trading,29-May-26,Converted,Control Panel for retention --- B&B,Nnoweta performance Chemicals Pvt Ltd,,Sent,UWS/26-27/103 R4,29-May-26,"3,00,000",,
105,,RRW,Dosing Trading,30-May-26,Converted,Skid & Panel for Water Booster Pump -- Kamakshi,Solenis Chemicals India Pvt Ltd,,Sent,UWS/26-27/104,29-May-26,"74,375",,
106,,TK,Dosing System,30-May-26,Open,Dosing system_(Poly dosing 3nos),Aquatech Systems Asia Pvt Ltd,,Sent,UWS/26-27/105,30-May-26,"12,15,000",*,
107,,RRW,Dosing Trading,1-Jun-26,Converted,VFD Control Panel -- NR5,Solenis Chemicals India Pvt Ltd,,Sent,UWS/26-27/106 R1,18-Jun-26,"1,34,000",,
108,,RRW,Dosing Trading,29-May-26,Open,Digital Pumps --- Khanna Paper,Solenis Chemicals India Pvt Ltd,,Sent,UWS/26-27/107 R1,18-Jun-26,"1,20,000",*,
109,,TK,Dosing System,3-Jun-26,Open,DOSING SYSTEM_Serum,Aquatech Systems Asia Pvt Ltd,,Sent,UWS/26-27/108 R1,29-Jul-26,"4,98,500",**,
110,,RRW,Dosing Trading,28-May-26,Converted,NETZSCH Pump Stator --- NR5,Solenis Chemicals India Pvt Ltd,,Sent,UWS/26-27/109,3-Jun-26,"45,100",,
111,,RRW,Dosing Trading,3-Jun-26,Open,Polymer Transfer Pump --- NR5,Solenis Chemicals India Pvt Ltd,,Sent,UWS/26-27/110,3-Jun-26,"49,700",*,
112,,MJ,Dosing Trading,3-Jun-26,Closed,HDPE/ FRP Tanks,Galaxy Equipments,,Sent,UWS/26-27/111,4-Jun-26,"13,90,050",,
113,,RRW,Dosing Trading,4-Jun-26,Converted,2HP Motor & AS25 Gear Box --- NR5,Solenis Chemicals India Pvt Ltd,,Sent,UWS/26-27/112 R1,18-Jun-26,"29,300",,
114,,MJ,Dosing Trading,5-Jun-26,Converted,225 Ltr Tank,Vanita Agro,,Sent,UWS/26-27/113,5-Jun-26,"30,350",,
115,,TK,Dosing Trading,5-Jun-26,Open,Air Blower,HYDRENA ENVIRO SOLUTIONS LLP.,Padmanabh sir,Sent,UWS/26-27/114,5-Jun-26,"1,55,000",*,195000
116,,MJ,Sandur,4-Jun-26,Open,Dosing Pump & Accessories -- AMP,Aquatech Systems Asia Pvt Ltd,,,UWS/26-27/115,6-Jun-26,,,
117,,TK,Sandur,8-Jun-26,Converted,Sandur Dosing Pump --( CC3 0212 PP ),AKA MANUFACTURING SOLUTION PVT. LTD.,,Sent,UWS/26-27/116,8-Jun-26,"17,200",,
118,,MJ,Dosing System,6-Jun-26,Open,Addition Piping to H2SO4 Dosing System,Royal Enfield,,Sent,UWS/26-27/117,8-Jun-26,"1,00,900",**,
119,,TK,Sandur,8-Jun-26,Converted,Sandur Make Dosing Pump (CC3 0407 SS),Vikas and Company ,,Sent,UWS/26-27/118,8-Jun-26,"22,000",,
120,,MJ,Dosing Trading,8-Jun-26,Converted,Fluimac AODD Pump,Cubane Speciality Chemicals Pvt. Ltd,,Sent,UWS/26-27/119 R1,9-Jun-26,"29,600",,
121,,MJ,Dosing System,29-May-26,Open,Dosing System,Thermosag,,Sent,UWS/26-27/120,10-Jun-26,"5,25,900",**,
122,,MJ,Sandur,10-Jun-26,Converted,Spare Diaphragm,QUA Water Technology,,Sent,UWS/26-27/121,11-Jun-26,"10,500",,
123,,MJ,Dosing Trading,10-Jun-26,Converted,Dosing Tank -- 500 Ltr,Vanita Agro,,Sent,UWS/26-27/122,11-Jun-26,"49,750",,
124,,RRW,Dosing Trading,12-Jun-26,Converted,Bag Filter --- NR5,Solenis Chemicals India Pvt Ltd,,Sent,UWS/26-27/123,12-Jun-26,"6,540",,
125,,RRW,Dosing Trading,12-Jun-26,Converted,Service Charges fro ABU panel --- Khanna Paper,Solenis Chemicals India Pvt Ltd,,Sent,UWS/26-27/124 R1,18-Jun-26,"40,000",,
126,,RRW,Dosing Trading,12-Jun-26,Open,Oil Seal for NORD gear box,Solenis Chemicals India Pvt Ltd,,Sent,UWS/26-27/125,12-Jun-26,"2,725",**,
127,,RRW,Dosing Trading,12-Jun-26,Converted,"Service Charges for Tote Skids, Wiring Support",Solenis Chemicals India Pvt Ltd,,Sent,UWS/26-27/126,12-Jun-26,"28,000",-,
128,,MJ,Dosing Trading,5-Jun-26,Converted,GIC Timer -- Lohia Paper Mill,Solenis Chemicals India Pvt Ltd,,Sent,UWS/26-27/127,13-Jun-26,"7,050",,
129,,RRW,Dosing Trading,16-Jun-26,Open,1500 LPH Dosing Skid Refurbishment --- Shubham Paper,Solenis Chemicals India Pvt Ltd,,Sent,UWS/26-27/128 R1,17-Jun-26,"4,49,000",*,
130,,RRW,Dosing System,17-Jun-26,Open,60 LPH Surafce Sizing Dosing system,Triveni Rasayan,,Sent,UWS/26-27/129,18-Jun-26,"9,45,000",*,
131,,RRW,Dosing Trading,19-Jun-26,Converted,Prominent 14 LPH Pump --- BILT Bhigwan,Solenis Chemicals India Pvt Ltd,,Sent,UWS/26-27/130,19-Jun-26,"24,500",,
132,,TK,Agitator System,17-Jun-26,Open,Dosing pump and Agitator for 27.00 MLD,Adishree sai Infraprojects,,Sent,UWS/26-27/131,19-Jun-26,"8,76,000",***,
133,,MJ,Dosing Trading,19-Jun-26,Converted,Diaphragm pump Skid,Nnoweta performance Chemicals Pvt Ltd,,Sent,UWS/26-27/132 R1,20-Jun-26,"39,250",,
134,,RRW,Dosing Trading,20-Jun-26,Open,5HP Motor & AS35 Gear Box --- NR5,Solenis Chemicals India Pvt Ltd,,Sent,UWS/26-27/133,20-Jun-26,"45,200",*,
135,,MJ,Dosing Trading,20-Jun-26,Open,Tubing -- NR5,Solenis Chemicals India Pvt Ltd,,Sent,UWS/26-27/134,20-Jun-26,"42,610",*,
136,,TK,Dosing System,20-Jun-26,Closed,Dosing Pump Skid (N-26020) Keyaan Distillery,Praj Industries Ltd,,Sent,UWS/26-27/135,20-Jun-26,"3,57,200",,
137,,MJ,Dosing Trading,22-Jun-26,Closed,Nylon Tubing -- Lohia Paper,Solenis Chemicals India Pvt Ltd,,Pending,UWS/26-27/136,22-Jun-26,,,
138,,RRW,Dosing Trading,22-Jun-26,Open,Schneider Altivar 320 VFD --- West Rock,Solenis Chemicals India Pvt Ltd,,Sent,UWS/26-27/137,22-Jun-26,"41,780",*,
139,,RRW,Dosing Trading,22-Jun-26,Open,SS Dosing connectors --- APL Rajahmundry,Solenis Chemicals India Pvt Ltd,,Sent,UWS/26-27/138,22-Jun-26,"18,950",***,
140,,RRW,Dosing System,20-Jun-26,Open,2000 LPH Biopolymer Preparation & 2000 LPH Dosing System,JAI ARAVALI SPECIALITY CHEMICALS PRIVATE LIMITED,,Sent,UWS/26-27/139 R1,23-Jun-26,"29,14,500",*,
141,,RRW,Dosing Trading,24-Jun-26,Converted,Stator for ASA & Starch Pump--Biltube Paper,Solenis Chemicals India Pvt Ltd,,Sent,UWS/26-27/140,24-Jun-26,"36,530",,
142,,TK,Dosing Trading,17-Jun-26,Open,Hose pipe and clamp_(Subam paper mill),Solenis Chemicals India Pvt Ltd,,Sent,UWS/26-27/141,24-Jun-26,"17,450",*,
143,,TK,Sandur,24-Jun-26,Open,dosing pump : 60-AD41-D69-FFL,Wex Technologies Pvt Ltd,,Sent,UWS/26-27/142,24-Jun-26,"47,895",***,
144,,RRW,Dosing Trading,23-Jun-26,Converted,Polymer Transfer Pump --- Kamakshi,Solenis Chemicals India Pvt Ltd,,Sent,UWS/26-27/143,24-Jun-26,"38,400",,
145,,MJ,Sandur,26-Jun-26,Converted,B 16010 PP,DLECTA Food ,,Sent,UWS/26-27/144,24-Jun-26,"29,876",,
146,,MJ,Dosing Trading,25-Jun-26,Open,UPVC fittings & Transfer Pump --- Kauntum Paper,Solenis Chemicals India Pvt Ltd,,Sent,UWS/26-27/145,29-Jun-26,"88,895",*,
147,,MJ,Sandur,27-Jun-26,Converted,60-AD43-D69-PBM,Pluscon Systems Pvt Ltd,,Sent,UWS/26-27/008,29-Jun-26,"81,880",,
148,,RRW,Dosing System,27-Jun-26,Open,WSR Dosing System --- ITC BCM,Solenis Chemicals India Pvt Ltd,,Sent,UWS/26-27/146,29-Jun-26,"15,20,000",*,
149,,MJ,Dosing System,10-Jun-26,Open,Dosing System for Cooling Tower,Orbittal,,Sent,UWS/26-27/147,1-Jul-26,"13,82,800",*,
150,,RRW,Dosing Trading,1-Jul-26,Closed,Grundfos DDA Smart Pump,Prachi Specialties,,Sent,UWS/26-27/148,1-Jul-26,"97,500",,
151,,VG,Agitator System,1-Jul-26,Closed,Agitator - 2 Blades mixer,SAMCO WATER TECHNOLOGIES,,Sent,UWS/26-27/149,3-Jul-26,"33,100",,
152,,MJ,Dosing System,3-Jul-26,Open,Dosing System for HRSCC,Aquatech Systems Asia Pvt Ltd,,Sent,UWS/26-27/150,3-Jul-26,"7,89,900",**,
153,,MJ,Dosing System,4-Jul-26,Closed,Additive Dosing System,Praj Industries Ltd,,Sent,UWS/26-27/151,4-Jul-26,"2,61,100",,
154,,MJ,Dosing Trading,1-Jul-26,Open,NETZSCH Pump SPare -- NR5,Solenis Chemicals India Pvt Ltd,,Sent,UWS/26-27/152,6-Jul-26,"2,18,610",*,
155,,VG,Dosing System,6-Jul-26,Budgetory, Revati Nikam_Q-PBEN-27-001,Praj Industries Ltd,,Sent,UWS/26-27/153 R2,22-Jul-26,"83,17,400",-,
156,,MJ,Dosing Trading,6-Jul-26,Converted,Agitator for Tote 1000 Ltr Tote Bin-- Kuantum Paper,Solenis Chemicals India Pvt Ltd,,Sent,UWS/26-27/154 R1,6-Jul-26,"54,100",,
157,,RRW,Dosing Trading,6-Jul-26,Converted,"Solenoid Valve, diaphragm type ",Solenis Chemicals India Pvt Ltd,,Sent,UWS/26-27/155,6-Jul-26,"7,100",,
158,,MJ,Dosing Trading,1-Jul-26,Open,Prominent make Dosing Pump - NR5,Solenis Chemicals India Pvt Ltd,,Sent,UWS/26-27/156,6-Jul-26,"48,400",**,
159,,MJ,Dosing Trading,1-Jul-26,Open,Prominent make Dosing Pump - NR5,Solenis Chemicals India Pvt Ltd,,Sent,UWS/26-27/157,6-Jul-26,"22,500",**,
160,,RRW,Dosing System,29-Jun-26,Open,Chemical Dosing Sytems -- Talcher Fertliser,Wex Technologies Pvt Ltd,,Sent,UWS/26-27/158,7-Jul-26,"1,78,35,000",**,
161,,MJ,Dosing Trading,7-Jul-26,Open,Rotameter & Critical Spare,Biokrishi,,Sent,UWS/26-27/159,9-Jul-26,"60,940",**,
162,,RRW,Dosing System,22-Jun-26,Open,Defoamer & Flocculant Preparation System,Elixa Technologies Pvt ltd,,Sent,UWS/26-27/160,7-Jul-26,"35,47,000",**,
163,,VG,Agitator System,6-Jul-26,Open,Agitator System for 100 & 200 ltr tank,Diversey -- A Solenis Company,9890776999,Sent,UWS/26-27/161,8-Jul-26,"96,600",**,
164,,RRW,Dosing Trading,7-Jul-26,Closed,PLC Panel for Telioform PM-2 -- BILT Bhigwan,Solenis Chemicals India Pvt Ltd,,Sent,UWS/26-27/162,7-Jun-26,"2,95,000",,
165,,RRW,Dosing Trading,26-Jun-26,Open,PLC Panel for Polymer Preparation -- Ruchira paper,Solenis Chemicals India Pvt Ltd,,Sent,UWS/26-27/163,7-Jun-26,"3,60,000",*,
166,,VG,Dosing System,3-Jul-26,Open,Dosing System,Surfin Coating Systems Pvt. Ltd.,7796658902,Sent,UWS/26-27/164,8-Jul-26,"2,10,300",**,They will update in next weeks 
167,,VG,Dosing System,8-Jul-26,Converted,Dosing Pump ,UltrapureWater Technologies,,Sent,UWS/26-27/165,8-Jul-26,"1,19,800",,
168,,MJ,Dosing Trading,7-Apr-26,Open,ABB make Motor (Emami Balasore),Solenis Chemicals India Pvt Ltd,,Sent,UWS/26-27/166,8-Jul-26,"82,450",*,
169,,MJ,Dosing Trading,20-Jun-26,Open,GF Y Strainer -- West Rock,Solenis Chemicals India Pvt Ltd,,Sent,UWS/26-27/167,9-Jul-26,"59,200",***,
170,,RRW,Dosing Trading,7-Jul-26,Closed,PlC & VFD Panel for Telioform --- BILT,Solenis Chemicals India Pvt Ltd,,Sent,UWS/26-27/168,9-Jul-26,"5,38,000",-,
171,,VG,Sandur,10-Jul-26,Open,Dosing Pump,SHREESAMARTH TECH PROCESS ENGINEERING PVT LTD,7720093617,Sent,UWS/26-27/169,10-Jul-26,"46,000",**,
172,,VG,Dosing System,9-Jul-26,Open,Dosing System,REINEWELLE PROJECTS LLP,9112226276,Sent,UWS/26-27/170,10-Jul-26,"6,39,500",**,
173,,VG,Sandur,8-Jul-26,Converted,Dosing Pump,PlusCon System Pvt.Ltd.,,Sent,UWS/26-27/171,10-Jul-26,"44,500",,
174,,VG,Dosing Trading,6-Aug-26,Open,EBARA Make Pump_Naini paper mill , Solenis Chemicals India Pvt Ltd,,Sent,UWS/26-27/172,11-Jul-26,"1,97,550",**,
175,,MJ,Dosing Trading,11-Jul-26,Converted,Screw Feeder -- 50 Kg/Hr,Papertex Specialist Chemicals Pvt Ltd,,Sent,UWS/26-27/173,13-Jul-26,,,
176,,VG,Sandur,13-Jul-26,Converted,Dosing Pump,Dlecta Foods Pvt.Ltd. ,,Sent,UWS/26-27/174,13-Jul-26,"30,800",,
177,,MJ,Dosing Trading,30-Jun-26,Open,Victaulic Coupling,Praj Industries Ltd,,Sent,UWS/26-27/175 R1,13-Jul-26,"21,140",**,
178,,VG,Dosing System,10-Jul-26,Open,Polymer Dosing System,Thermax,,Sent,UWS/26-27/176,14-Jul-26,"7,67,500",**,
179,,TK,Dosing Trading,13-Jul-26,Converted,Chemicals,Elixa Technologies Pvt ltd,,Sent,UWS/26-27/177,14-Jul-26,"73,950",,
180,,VG,Dosing Trading,2-Jul-26,Open,Dosing Pump & Spare,Aquatech Systems (Asia) Pvt. Ltd.,,Pending,UWS/26-27/178,15-Jul-26,,,
181,,RRW,Dosing Trading,13-Jul-26,Converted,Spares for Megacell & Retention Aid,Nnoweta performance Chemicals Pvt Ltd,,Sent,UWS/26-27/179,16-Jul-26,"1,08,600",-,
182,,VG,Sandur,16-Jul-26,Open,Dosing Pump ,Welspun Enterprises,,Pending,UWS/26-27/180,17-Jul-26,,,
183,,RRW,Dosing Trading,17-Jul-26,Open,Dosing Valve NRV SS 8MM,Nnoweta performance Chemicals Pvt Ltd,,Sent,UWS/26-27/181,18-Jul-26,"22,440",***,
184,,RRW,Dosing Trading,20-Jul-26,Converted,Dosing Valve 12MM & LDPE tube,Adaxy Tech Pvt Ltd,,Sent,UWS/26-27/182,20-Jul-26,"3,910",-,
185,,MJ,Dosing System,18-Jul-26,Budgetory,Dosing System,Sandur Fluid Controls Pvt Ltd,,Sent,UWS/26-27/183,21-Jul-26,"25,75,400",*,
186,,MJ,Dosing System,18-Jul-26,Open,MSEP Skid for Pump mounting,Buckman ,,Sent,UWS/26-27/184,21-Jul-26,"4,23,700",***,
187,,TK,Dosing System,7-Jul-26,Open,"Tube settler, flash mixer flocculator",Praj HiPurity,,Sent,UWS/26-27/185,21-Jul-26,"18,21,600",**,
188,,RRW,Dosing Trading,22-Jul-26,Converted,Grundfos DDA Dosing Pump,Bioxera Pharma Pvt Ltd,,Sent,UWS/26-27/186,22-Jul-26,"2,85,000",,
189,,TK,Dosing Trading,22-Jul-26,Open,E dose make dosing Pump,Sona Alloys Pvt. Ltd.,,Sent,UWS/26-27/187,22-Jul-26,"24,000",*,
190,,MJ,Dosing Trading,24-Jul-26,Open,Dosing Pump repairing,DLECTA Foods ,,Pending,UWS/26-27/188,24-Jul-26,,,
191,,RRW,Dosing Trading,19-Jul-26,Open,Control Panel for Telioform & ABU --- BILT,Solenis Chemicals India Pvt Ltd,,Sent,UWS/26-27/189,24-Jul-26,"13,57,000",***,
192,,VG,Dosing Trading,11-Jul-26,Budgetory,Dosing System,Praj Industries Ltd,,Sent,UWS/26-27/190,27-Jul-26,"2,72,80,100",,
193,,VG,Sandur,25-Jul-26,Open,Dosing Pump,RP Product,,Sent,UWS/26-27/191,25-Jul-26,"37,910",*,
194,,RRW,Dosing Trading,14-Jul-26,Open,Air Filter Regulator -- NR5,Solenis Chemicals India Pvt Ltd,,Sent,UWS/26-27/192 R1,29-Jul-26,"3,400",*,
195,,RRW,Dosing Trading,20-Jul-26,Open,CNP 3 m3/hr @ 3 Bar Pump --- NR5,Solenis Chemicals India Pvt Ltd,,Sent,UWS/26-27/193 R1,27-Jul-26,"24,500",*,
196,,RRW,Dosing Trading,20-Jul-26,Converted,"Solenoid Valve 1/2"" UPVC--- BILT Bhigwan",Solenis Chemicals India Pvt Ltd,,Sent,UWS/26-27/194 R1,28-Jul-26,"15,000",,
197,,RRW,Dosing Trading,20-Jul-26,Open,VFD for ABU & Hydrocol Dosing --- NR5,Solenis Chemicals India Pvt Ltd,,Sent,UWS/26-27/195,25-Jul-26,"54,400",*,
198,,PM,Dosing System,24-Jul-26,Open,ANTISCALENT & CIP SKID,Praj Industries Ltd,,Pending,UWS/26-27/196,27-Jul-26,,,TDS Submitted
199,,PM,Dosing Trading,20-Jul-26,Open,DOSING PUMP & GF SPARE -- Sirpur Kagaznagar,Solenis Chemicals India Pvt Ltd,,Sent,UWS/26-27/197,28-Jul-26,"1,07,000",*,
200,,MJ,Dosing Trading,27-Jul-26,Open,Spare Diaphragm,Wex Technologies Pvt Ltd,,Sent,UWS/26-27/198,28-Jul-26,"10,930",***,
201,,RRW,Dosing System,3-Jul-26,Open,"Polymer Preparation 600T, ABU & 6000 LPH Dosing systems",East West Min Chem Pvt Ltd,,Sent,UWS/26-27/199,28-Jul-26,"58,27,000",**,
202,,RRW,Dosing Trading,29-Jul-26,Open,FIP NRV --- Kauntum Paper,Solenis Chemicals India Pvt Ltd,,Sent,UWS/26-27/200,29-Jul-26,"9,200",***,
203,,RRW,Dosing Trading,29-Jul-26,Open,"Statix Mixer, MSEP 65NB",INGEO Contractor Pvt Ltd,,Sent,UWS/26-27/201,29-Jul-26,"23,400",*,
204,,TK,Agitator System,29-Jul-26,Open,AGITATOR SYSTEM,JBB Water Industries,,Sent,UWS/26-27/202,29-Jul-26,"43,500",**,
205,,VG,Dosing System,25-Jul-26,Open,Dosing system for Boiler feed water,Wex Technologies Pvt Ltd,,Sent,UWS/26-27/203 R1,1-Aug-26,"1,17,48,800",**,
206,,MJ,Dosing System,30-Jul-26,Open,Dosing System,N Mehta & Co.,,Sent,UWS/26-27/204,30-Jul-26,"94,500",*,
207,,MJ,Dosing Trading,29-Jul-26,Open,Discharge manifold for AODD Pump -- Kuantum Paper,Solenis Chemicals India Pvt Ltd,,Sent,UWS/26-27/205,30-Jul-26,"6,640",***,
208,,MJ,Dosing Trading,30-Jul-26,Open,Water Booster Pump -- Krishna Tissue,Solenis Chemicals India Pvt Ltd,,Sent,UWS/26-27/206,30-Jul-26,"75,100",*,
209,,MJ,Dosing Trading,29-Jul-26,Open,ABB VFD --  Bindal Paper,Solenis Chemicals India Pvt Ltd,,Sent,UWS/26-27/207 R1,3-Aug-26,"30,500",**,
210,,MJ,Dosing System,29-Jul-26,Open,100Ltr SS304 Tank with Agitator,Sandur Fluid Controls Pvt Ltd,,Sent,UWS/26-27/208 R1,31-Jul-26,"3,22,800",**,
211,,RRW,Dosing Trading,30-Jul-26,Open,ABB VFD for Burks ACS560 09A2 -- Nath Paper,Solenis Chemicals India Pvt Ltd,,Sent,UWS/26-27/209,31-Jul-26,"36,400",***,PO Pending
212,,RRW,Dosing Trading,15-May-26,Open,Visit Charges --- Shah Paper,Solenis Chemicals India Pvt Ltd,,Sent,UWS/26-27/210,31-Jul-26,"18,000",***,PO Pending
213,,VG,Dosing System,29-Jul-26,Budgetory,Dosing System,Praj Industries Ltd,,Sent,UWS/26-27/211,31-Jul-26,"76,61,200",-,
214,,MJ,Sandur,30-Jul-26,Open,CC3 1201 T -- 04 Nos,Wex Technologies Pvt Ltd,,Sent,UWS/26-27/212,31-Jul-26,"64,640",***,
215,,MJ,Dosing Trading,31-Jul-26,Open,MSEP Skid for Pump mounting & SM,Nnoweta performance Chemicals Pvt Ltd,,Sent,UWS/26-27/213,31-Jul-26,"49,030",***,
216,,RRW,Dosing Trading,31-Jul-26,Open,Ozonator 100 gm,Abhiman Society,,Sent,UWS/26-27/214,31-Jul-26,"3,05,000",*,
217,,MJ,Dosing Trading,31-Jul-26,Open,UPVC Pipes & fittings -- Kuantum Paper,Solenis Chemicals India Pvt Ltd,,Sent,UWS/26-27/215,31-Jul-26,"35,925",***,
218,,MJ,Agitator System,1-Aug-26,Open,Agitator System for Brine Tank,VM Engineer Solution,,Sent,UWS/26-27/216,1-Aug-26,,*,
219,,RRW,Sandur,3-Aug-26,Open,Dosing Pump 6 LPH --- BGPPL ,Damodardas Haridas Pvt Ltd,,Sent,UWS/26-27/217,3-Aug-26,"27,200",*,
220,,RRW,Sandur,3-Aug-26,Open,Dosing Pump 6 LPH --- BGPPL ,Solenis Chemicals India Pvt Ltd,,Sent,UWS/26-27/218,3-Aug-26,"23,100",*,
221,,VG,Dosing System,28-Jul-26,Open,Calcium Hypochlorite Dosing System,LG Patsons Engg.Pvt.,8668809869,Sent,UWS/26-27/219,4-Aug-26,"7,58,300",**,
222,,MJ,Dosing System,24-Jul-26,Open,Dosing System for SCooling Tower (HPCL),Wex Technologies Pvt Ltd,,Sent,UWS/26-27/220,4-Aug-26,"46,52,300",**,
223,,VG,Dosing System,4-Aug-26,Open,Agitator System,SeaMak Group ,9513477094,Sent,UWS/26-27/221,4-Aug-26,"50,500",**,
224,,MJ,Dosing Trading,3-Aug-26,Open,SS304 NRV -- APL Rajahmundry,Solenis Chemicals India Pvt Ltd,,Sent,UWS/26-27/222,5-Aug-26,"10,500",*,
225,,MJ,Dosing Trading,5-Aug-26,Open,Service Charges for UPVC piping -- Kuantum Paper,Solenis Chemicals India Pvt Ltd,,Sent,UWS/26-27/223,5-Aug-26,"8,500",***,PO Pending
226,,MJ,Sandur,5-Aug-26,Open,B 16010 PP,Wex Technologies Pvt Ltd,,Sent,UWS/26-27/224,5-Aug-26,,**,
